-- Generated by scripts/seed-data/generate-seed-app-content-sql.mjs
-- Source data: scripts/seed-data/app-initial-content.mjs

BEGIN;

-- Reset APP scope bookmarks/tags.
DELETE FROM "bookmark_tags" bt
USING "bookmarks" b
WHERE bt."bookmark_id" = b."id"
  AND b."scope" = 'APP';

DELETE FROM "bookmark_tags" bt
USING "tags" t
WHERE bt."tag_id" = t."id"
  AND t."scope" = 'APP';

DELETE FROM "bookmarks" WHERE "scope" = 'APP';
DELETE FROM "tags" WHERE "scope" = 'APP';

INSERT INTO "tags" (
  "id",
  "scope",
  "owner_user_id",
  "name",
  "color",
  "description",
  "sort_order",
  "bookmark_count",
  "scope_owner_key",
  "created_at",
  "updated_at"
)
VALUES
  ('f5d9bd13-7f27-04b8-f4ca-60e76ca04e03', 'APP', NULL, 'AI-LLM', '#7C3AED', '大模型、智能体、提示工程与推理相关资源。', 10, 0, 'APP', NOW(), NOW()),
  ('ddfc9748-d095-bbb6-cd06-bb92a8d9f55c', 'APP', NULL, '设计与交互', '#DB2777', '产品设计、交互规范、视觉与体验灵感。', 20, 0, 'APP', NOW(), NOW()),
  ('a02d76bf-3a37-6e4a-9ac5-da4ecece6884', 'APP', NULL, '图片', '#E11D48', '图片素材、图像处理与视觉资源平台。', 30, 0, 'APP', NOW(), NOW()),
  ('4ebe917f-d4d6-1baf-4d0f-3ee0538fa9c1', 'APP', NULL, '前端', '#2563EB', 'Web 前端框架、构建工具与组件体系。', 40, 0, 'APP', NOW(), NOW()),
  ('c2724213-8cb1-5a55-077f-be0fd1d1b529', 'APP', NULL, '服务端', '#0891B2', '服务端开发、接口设计与框架实践。', 50, 0, 'APP', NOW(), NOW()),
  ('6a23c136-a7d5-3fa8-c1bc-e57b6e8186f1', 'APP', NULL, '数据库', '#0F766E', '关系型与非关系型数据库及数据基础设施。', 60, 0, 'APP', NOW(), NOW()),
  ('c701306d-001a-ae58-e952-91eb53c1126c', 'APP', NULL, '云服务', '#6D28D9', '云平台、云存储与云端计算服务。', 70, 0, 'APP', NOW(), NOW()),
  ('e22d8446-2fa8-2353-3ef9-5d9246ded151', 'APP', NULL, '云原生与运维', '#0284C7', '容器、编排、可观测性与云平台文档。', 80, 0, 'APP', NOW(), NOW()),
  ('89b8dc84-6a24-0852-9025-aa3a589da37a', 'APP', NULL, '安全与隐私', '#DC2626', '应用安全、漏洞情报与安全工程实践。', 90, 0, 'APP', NOW(), NOW()),
  ('82a62ce8-2df2-1f2c-897a-c279f37308a3', 'APP', NULL, '效率工具', '#4F46E5', '开发协作、编辑器、终端与个人效率工具。', 100, 0, 'APP', NOW(), NOW()),
  ('90bb8c90-d3f9-cf2f-c541-975ed6b6cb3f', 'APP', NULL, '学习社区', '#16A34A', '中文为主的技术社区与持续学习渠道。', 110, 0, 'APP', NOW(), NOW()),
  ('7cafa32f-6635-d3d7-c3e7-3a5f5804b8e9', 'APP', NULL, '科研与论文', '#B45309', '论文检索、会议主页与学术出版平台。', 120, 0, 'APP', NOW(), NOW());

INSERT INTO "bookmarks" (
  "id",
  "scope",
  "owner_user_id",
  "title",
  "url",
  "normalized_url",
  "description",
  "is_favorite",
  "is_visible",
  "scope_owner_key",
  "created_at",
  "updated_at"
)
VALUES
  ('6a1960ba-2211-23c7-5e19-ac553abfd6ae', 'APP', NULL, 'OpenAI', 'https://openai.com/', 'https://openai.com/', 'OpenAI 官方产品、研究与开发入口。', FALSE, TRUE, 'APP', '2026-06-22T12:55:47.851Z', '2026-06-22T12:55:47.851Z'),
  ('af0b8915-50b7-c4bd-c9d9-176f6855bfe8', 'APP', NULL, 'ChatGPT', 'https://chatgpt.com/', 'https://chatgpt.com/', 'OpenAI ChatGPT 产品入口。', FALSE, TRUE, 'APP', '2026-06-22T12:55:46.854Z', '2026-06-22T12:55:46.854Z'),
  ('5b2dedec-83de-b02c-994e-bc3be5da0412', 'APP', NULL, 'Anthropic', 'https://www.anthropic.com/', 'https://www.anthropic.com/', 'Claude 相关产品与研究信息。', FALSE, TRUE, 'APP', '2026-06-22T12:55:45.854Z', '2026-06-22T12:55:45.854Z'),
  ('f721d939-8891-beff-155b-522a1e53f702', 'APP', NULL, 'Google AI for Developers', 'https://ai.google.dev/', 'https://ai.google.dev/', 'Google AI 开发者总入口。', FALSE, TRUE, 'APP', '2026-06-22T12:55:44.854Z', '2026-06-22T12:55:44.854Z'),
  ('4f38f986-24cf-d9dc-ce33-dc11c06dc819', 'APP', NULL, 'Google AI Studio', 'https://aistudio.google.com/', 'https://aistudio.google.com/', 'Google AI Studio 平台，用于构建和管理大模型。', FALSE, TRUE, 'APP', '2026-06-22T12:55:43.854Z', '2026-06-22T12:55:43.854Z'),
  ('4921658c-5783-879c-ee01-cd5f6ebbd900', 'APP', NULL, 'Hugging Face', 'https://huggingface.co/', 'https://huggingface.co/', '模型、数据集与社区协作平台。', FALSE, TRUE, 'APP', '2026-06-22T12:55:42.854Z', '2026-06-22T12:55:42.854Z'),
  ('cccbc551-cc4b-48a4-bb2f-ec2d1b1a10fe', 'APP', NULL, 'Replicate', 'https://replicate.com/', 'https://replicate.com/', '模型托管与推理服务平台。', FALSE, TRUE, 'APP', '2026-06-22T12:55:41.854Z', '2026-06-22T12:55:41.854Z'),
  ('1ca15001-1d9d-cb50-b2eb-11aae719e75d', 'APP', NULL, 'Kaggle', 'https://www.kaggle.com/', 'https://www.kaggle.com/', '机器学习竞赛、数据集和 Notebook。', FALSE, TRUE, 'APP', '2026-06-22T12:55:40.854Z', '2026-06-22T12:55:40.854Z'),
  ('dd028004-6a39-5676-7af4-e050dfd1a36e', 'APP', NULL, 'ModelScope', 'https://modelscope.cn/', 'https://modelscope.cn/', '面向中文生态的模型与数据平台。', FALSE, TRUE, 'APP', '2026-06-22T12:55:39.854Z', '2026-06-22T12:55:39.854Z'),
  ('19116ebf-c059-05b8-d086-7853af7105ee', 'APP', NULL, 'LangChain', 'https://www.langchain.com/', 'https://www.langchain.com/', 'LLM 应用开发框架官网。', FALSE, TRUE, 'APP', '2026-06-22T12:55:38.854Z', '2026-06-22T12:55:38.854Z'),
  ('cd74eefe-6edf-1ee1-33f3-e24f13a1708d', 'APP', NULL, 'LlamaIndex', 'https://www.llamaindex.ai/', 'https://www.llamaindex.ai/', '面向 RAG 的数据连接与检索框架。', FALSE, TRUE, 'APP', '2026-06-22T12:55:37.854Z', '2026-06-22T12:55:37.854Z'),
  ('34c16292-834a-33a3-a107-39d96b4983c4', 'APP', NULL, 'Mistral AI', 'https://mistral.ai/', 'https://mistral.ai/', '开源与商用并行的大模型厂商。', FALSE, TRUE, 'APP', '2026-06-22T12:55:36.854Z', '2026-06-22T12:55:36.854Z'),
  ('b909ad03-e4c2-0851-1ec1-8f8ba1ced4b3', 'APP', NULL, 'Cohere', 'https://cohere.com/', 'https://cohere.com/', '面向企业场景的语言模型与平台。', FALSE, TRUE, 'APP', '2026-06-22T12:55:35.854Z', '2026-06-22T12:55:35.854Z'),
  ('c2040caa-772e-ef86-f47b-74cd79f0759a', 'APP', NULL, 'DeepSeek', 'https://www.deepseek.com/', 'https://www.deepseek.com/', '中文与代码能力突出的通用模型平台。', FALSE, TRUE, 'APP', '2026-06-22T12:55:34.854Z', '2026-06-22T12:55:34.854Z'),
  ('c0efa1ba-cbed-9744-2c78-1c22bdb9f161', 'APP', NULL, 'Perplexity', 'https://www.perplexity.ai/', 'https://www.perplexity.ai/', '检索增强问答与 AI 搜索产品。', FALSE, TRUE, 'APP', '2026-06-22T12:55:33.855Z', '2026-06-22T12:55:33.855Z'),
  ('5216473a-f365-7642-457a-c7b4d61d9bc5', 'APP', NULL, 'Midjourney', 'https://www.midjourney.com/', 'https://www.midjourney.com/', '文生图创作社区与工具平台。', FALSE, TRUE, 'APP', '2026-06-22T12:55:32.855Z', '2026-06-22T12:55:32.855Z'),
  ('8fa0abb8-de77-396b-1652-f03628b87e7d', 'APP', NULL, 'Stability AI', 'https://stability.ai/', 'https://stability.ai/', '生成式 AI 模型与多模态能力平台。', FALSE, TRUE, 'APP', '2026-06-22T12:55:31.855Z', '2026-06-22T12:55:31.855Z'),
  ('f2c52166-8646-2137-7bc8-a43be9d01f56', 'APP', NULL, 'Figma', 'https://www.figma.com/', 'https://www.figma.com/', '主流协同设计与原型工具。', FALSE, TRUE, 'APP', '2026-06-22T12:55:30.855Z', '2026-06-22T12:55:30.855Z'),
  ('f49a798d-21e5-9153-5555-d5234daac615', 'APP', NULL, 'Mobbin', 'https://mobbin.com/', 'https://mobbin.com/', '产品界面案例库与设计灵感平台。', FALSE, TRUE, 'APP', '2026-06-22T12:55:29.855Z', '2026-06-22T12:55:29.855Z'),
  ('cd6847c8-5743-456f-a63a-9eb8a8d5d6a6', 'APP', NULL, 'Dribbble', 'https://dribbble.com/', 'https://dribbble.com/', '界面与视觉灵感平台。', FALSE, TRUE, 'APP', '2026-06-22T12:55:28.855Z', '2026-06-22T12:55:28.855Z'),
  ('ce401d95-3441-0286-ff3b-34d803d06203', 'APP', NULL, 'Behance', 'https://www.behance.net/', 'https://www.behance.net/', '作品集展示与创意案例。', FALSE, TRUE, 'APP', '2026-06-22T12:55:27.855Z', '2026-06-22T12:55:27.855Z'),
  ('d6b5be06-74f8-992f-8db6-ecf66eff8e1c', 'APP', NULL, 'Awwwards', 'https://www.awwwards.com/', 'https://www.awwwards.com/', '网页设计奖项与前沿案例。', FALSE, TRUE, 'APP', '2026-06-22T12:55:26.855Z', '2026-06-22T12:55:26.855Z'),
  ('ea3b53ae-873d-bc42-26dd-a9eb5b7704b7', 'APP', NULL, 'Material Design 3', 'https://m3.material.io/', 'https://m3.material.io/', 'Google 设计系统与组件规范。', FALSE, TRUE, 'APP', '2026-06-22T12:55:25.855Z', '2026-06-22T12:55:25.855Z'),
  ('f544ea01-f98b-63a5-3d5a-c1b9689a57f5', 'APP', NULL, 'Apple HIG', 'https://developer.apple.com/design/human-interface-guidelines/', 'https://developer.apple.com/design/human-interface-guidelines', 'Apple 人机界面设计指南。', FALSE, TRUE, 'APP', '2026-06-22T12:55:24.855Z', '2026-06-22T12:55:24.855Z'),
  ('89d20bd6-2372-6611-889d-df323953520a', 'APP', NULL, 'Ant Design 设计规范', 'https://ant.design/docs/spec/introduce', 'https://ant.design/docs/spec/introduce', '企业级产品设计语言规范。', FALSE, TRUE, 'APP', '2026-06-22T12:55:23.855Z', '2026-06-22T12:55:23.855Z'),
  ('abf51542-d8cc-1375-981d-34d839ea632e', 'APP', NULL, 'Fluent 2', 'https://www.fluent2.microsoft.design/', 'https://www.fluent2.microsoft.design/', 'Microsoft Fluent 设计系统。', FALSE, TRUE, 'APP', '2026-06-22T12:55:22.855Z', '2026-06-22T12:55:22.855Z'),
  ('c7afd672-1d68-69a5-36de-0c34bba2564c', 'APP', NULL, 'Nielsen Norman Group', 'https://www.nngroup.com/', 'https://www.nngroup.com/', '可用性研究与 UX 方法论。', FALSE, TRUE, 'APP', '2026-06-22T12:55:21.855Z', '2026-06-22T12:55:21.855Z'),
  ('90bed642-4909-d4fd-33b3-46cb13175f0a', 'APP', NULL, 'Laws of UX', 'https://lawsofux.com/', 'https://lawsofux.com/', '常用 UX 心理学原则合集。', FALSE, TRUE, 'APP', '2026-06-22T12:55:20.855Z', '2026-06-22T12:55:20.855Z'),
  ('bf24e553-3ba5-baa2-dcac-d7ea23b75b5f', 'APP', NULL, 'Smashing Magazine UX', 'https://www.smashingmagazine.com/category/uxdesign/', 'https://www.smashingmagazine.com/category/uxdesign', '实践导向的 UX 专栏内容。', FALSE, TRUE, 'APP', '2026-06-22T12:55:19.855Z', '2026-06-22T12:55:19.855Z'),
  ('9d4003ac-50ac-d0f0-6062-edbcbcbff7c8', 'APP', NULL, '站酷', 'https://www.zcool.com.cn/', 'https://www.zcool.com.cn/', '中文设计社区与作品平台。', FALSE, TRUE, 'APP', '2026-06-22T12:55:18.855Z', '2026-06-22T12:55:18.855Z'),
  ('97740410-8cc8-a133-fe21-60753ac6c6d5', 'APP', NULL, '优设网', 'https://www.uisdc.com/', 'https://www.uisdc.com/', '中文 UI/UX 设计干货与资讯。', FALSE, TRUE, 'APP', '2026-06-22T12:55:17.855Z', '2026-06-22T12:55:17.855Z'),
  ('2b38cb11-69f9-bd4f-d1b3-ce2a3eb8e1b2', 'APP', NULL, '阿里巴巴矢量图标库', 'https://www.iconfont.cn/', 'https://www.iconfont.cn/', '中文场景常用图标资源库。', FALSE, TRUE, 'APP', '2026-06-22T12:55:16.855Z', '2026-06-22T12:55:16.855Z'),
  ('b726753f-6c2a-ea86-aa77-0f0562366623', 'APP', NULL, 'Unsplash', 'https://unsplash.com/', 'https://unsplash.com/', '高质量免费图片素材库。', FALSE, TRUE, 'APP', '2026-06-22T12:55:15.855Z', '2026-06-22T12:55:15.855Z'),
  ('97c8d86e-90d6-5dc0-45d5-048be230be52', 'APP', NULL, 'Pexels', 'https://www.pexels.com/', 'https://www.pexels.com/', '免费图片与视频素材平台。', FALSE, TRUE, 'APP', '2026-06-22T12:55:14.855Z', '2026-06-22T12:55:14.855Z'),
  ('4fdf7e8a-0504-f4ce-fe47-50091e986350', 'APP', NULL, 'Pixabay', 'https://pixabay.com/', 'https://pixabay.com/', '免费图片、插画与矢量素材。', FALSE, TRUE, 'APP', '2026-06-22T12:55:13.855Z', '2026-06-22T12:55:13.855Z'),
  ('a21e7b47-3bff-aaea-2e23-e52ef68cb62e', 'APP', NULL, '500px', 'https://500px.com/', 'https://500px.com/', '摄影师社区与高品质图片展示。', FALSE, TRUE, 'APP', '2026-06-22T12:55:12.855Z', '2026-06-22T12:55:12.855Z'),
  ('f62b26c3-17c3-c10e-6d33-d8d942b89ab7', 'APP', NULL, 'Getty Images', 'https://www.gettyimages.com/', 'https://www.gettyimages.com/', '商业图片授权与专业素材库。', FALSE, TRUE, 'APP', '2026-06-22T12:55:11.855Z', '2026-06-22T12:55:11.855Z'),
  ('8f014fd0-fa75-9266-5be1-3ddb48dd446a', 'APP', NULL, 'Shutterstock', 'https://www.shutterstock.com/', 'https://www.shutterstock.com/', '商业图片、视频与音乐素材平台。', FALSE, TRUE, 'APP', '2026-06-22T12:55:10.855Z', '2026-06-22T12:55:10.855Z'),
  ('44af6cc9-20c2-14ae-4501-8f7eb9c6372d', 'APP', NULL, 'Flickr', 'https://www.flickr.com/', 'https://www.flickr.com/', '图片社区与摄影作品分享平台。', FALSE, TRUE, 'APP', '2026-06-22T12:55:09.855Z', '2026-06-22T12:55:09.855Z'),
  ('fe1a060c-10b6-c72b-23ff-eb82ab5ce168', 'APP', NULL, 'Freepik', 'https://www.freepik.com/', 'https://www.freepik.com/', '免费与付费插画、矢量与 PSD 资源。', FALSE, TRUE, 'APP', '2026-06-22T12:55:08.855Z', '2026-06-22T12:55:08.855Z'),
  ('f6aeb220-250e-113c-180d-99dbbfe7fd76', 'APP', NULL, 'Canva', 'https://www.canva.com/', 'https://www.canva.com/', '在线平面设计与图片编辑工具。', FALSE, TRUE, 'APP', '2026-06-22T12:55:07.855Z', '2026-06-22T12:55:07.855Z'),
  ('5893070e-624e-d9f0-9d7f-437dbc3d4a75', 'APP', NULL, 'Remove.bg', 'https://www.remove.bg/', 'https://www.remove.bg/', 'AI 自动抠图与背景去除工具。', FALSE, TRUE, 'APP', '2026-06-22T12:55:06.855Z', '2026-06-22T12:55:06.855Z'),
  ('460065e4-e5f7-af27-0c98-5208d947158e', 'APP', NULL, 'TinyPNG', 'https://tinypng.com/', 'https://tinypng.com/', '图片压缩与优化在线工具。', FALSE, TRUE, 'APP', '2026-06-22T12:55:05.855Z', '2026-06-22T12:55:05.855Z'),
  ('38ddbe53-8157-0475-8c23-cda3bb668f6c', 'APP', NULL, 'Squoosh', 'https://squoosh.app/', 'https://squoosh.app/', 'Google 出品的图片压缩与格式转换工具。', FALSE, TRUE, 'APP', '2026-06-22T12:55:04.855Z', '2026-06-22T12:55:04.855Z'),
  ('4b434d18-840a-0ee6-87bd-b158ef8acc41', 'APP', NULL, 'Imgur', 'https://imgur.com/', 'https://imgur.com/', '图片托管与社区分享平台。', FALSE, TRUE, 'APP', '2026-06-22T12:55:03.855Z', '2026-06-22T12:55:03.855Z'),
  ('a6042136-246e-d3d0-0a43-d793f902b9ad', 'APP', NULL, '图虫创意', 'https://creative.tuchong.com/', 'https://creative.tuchong.com/', '中文正版图片素材与授权平台。', FALSE, TRUE, 'APP', '2026-06-22T12:55:02.855Z', '2026-06-22T12:55:02.855Z'),
  ('e29af70e-22d5-c9f8-8858-ef8377082a81', 'APP', NULL, '千图网', 'https://www.58pic.com/', 'https://www.58pic.com/', '中文设计素材与免费图片资源。', FALSE, TRUE, 'APP', '2026-06-22T12:55:01.855Z', '2026-06-22T12:55:01.855Z'),
  ('87653fda-58f5-f213-9098-10cea307af64', 'APP', NULL, 'Next.js 文档', 'https://nextjs.org/docs', 'https://nextjs.org/docs', 'React 全栈框架 Next.js 官方文档。', FALSE, TRUE, 'APP', '2026-06-22T12:55:00.855Z', '2026-06-22T12:55:00.855Z'),
  ('a0123e5a-6d8a-d3c4-2a7e-0db2a9e13b9d', 'APP', NULL, 'React 官方文档', 'https://react.dev/', 'https://react.dev/', 'React 核心概念与 API 参考。', FALSE, TRUE, 'APP', '2026-06-22T12:54:59.855Z', '2026-06-22T12:54:59.855Z'),
  ('928dee91-b6b7-3bad-8b1d-5fb9b9f93ad0', 'APP', NULL, 'Vue 官方文档', 'https://vuejs.org/', 'https://vuejs.org/', 'Vue 生态与开发指南。', FALSE, TRUE, 'APP', '2026-06-22T12:54:58.855Z', '2026-06-22T12:54:58.855Z'),
  ('54c41bb3-5e55-9362-aff4-5a27e6a6f9f8', 'APP', NULL, 'Vite 指南', 'https://vite.dev/guide/', 'https://vite.dev/guide', '前端构建工具 Vite 快速指南。', FALSE, TRUE, 'APP', '2026-06-22T12:54:57.855Z', '2026-06-22T12:54:57.855Z'),
  ('a3ae8a13-ee32-704c-c1c8-f9458c93fa73', 'APP', NULL, 'Tailwind CSS 文档', 'https://tailwindcss.com/docs', 'https://tailwindcss.com/docs', '原子化 CSS 框架官方文档。', FALSE, TRUE, 'APP', '2026-06-22T12:54:56.855Z', '2026-06-22T12:54:56.855Z'),
  ('45b07b62-e898-ba79-6723-b1c412f525a3', 'APP', NULL, 'shadcn/ui', 'https://ui.shadcn.com/', 'https://ui.shadcn.com/', '可复制组件集合与构建思路。', FALSE, TRUE, 'APP', '2026-06-22T12:54:55.855Z', '2026-06-22T12:54:55.855Z'),
  ('99b73c75-b4c5-6b42-8b8c-76b00c847463', 'APP', NULL, 'Radix Primitives 文档', 'https://www.radix-ui.com/primitives/docs/overview/introduction', 'https://www.radix-ui.com/primitives/docs/overview/introduction', '可访问性友好的基础组件库。', FALSE, TRUE, 'APP', '2026-06-22T12:54:54.855Z', '2026-06-22T12:54:54.855Z'),
  ('70be5ef2-2700-2706-3fbc-2974848db7db', 'APP', NULL, 'Svelte 文档', 'https://svelte.dev/docs', 'https://svelte.dev/docs', 'Svelte 开发与编译模型文档。', FALSE, TRUE, 'APP', '2026-06-22T12:54:53.855Z', '2026-06-22T12:54:53.855Z'),
  ('1d27f169-a0a5-131a-d95f-7e34702f4b64', 'APP', NULL, 'Nuxt 文档', 'https://nuxt.com/docs', 'https://nuxt.com/docs', 'Vue 全栈框架 Nuxt 使用文档。', FALSE, TRUE, 'APP', '2026-06-22T12:54:52.855Z', '2026-06-22T12:54:52.855Z'),
  ('88734904-d11d-918c-eb76-d289c2ebf3b7', 'APP', NULL, 'Astro 文档', 'https://astro.build/docs', 'https://astro.build/docs', '内容站点与多框架整合方案。', FALSE, TRUE, 'APP', '2026-06-22T12:54:51.855Z', '2026-06-22T12:54:51.855Z'),
  ('9e062cba-0f85-ea75-2e9d-61e00bd0a2aa', 'APP', NULL, 'Webpack Concepts', 'https://webpack.js.org/concepts/', 'https://webpack.js.org/concepts', 'Webpack 核心概念与打包机制。', FALSE, TRUE, 'APP', '2026-06-22T12:54:50.855Z', '2026-06-22T12:54:50.855Z'),
  ('c7bc3cab-5f95-2caf-dc03-b578794e66b6', 'APP', NULL, 'Rspack 入门', 'https://rspack.dev/guide/start/introduction', 'https://rspack.dev/guide/start/introduction', '高性能打包工具 Rspack 指南。', FALSE, TRUE, 'APP', '2026-06-22T12:54:49.855Z', '2026-06-22T12:54:49.855Z'),
  ('28320611-a792-1425-707e-526c9680e0d4', 'APP', NULL, 'UnoCSS 文档', 'https://unocss.dev/', 'https://unocss.dev/', '即时原子化 CSS 引擎文档。', FALSE, TRUE, 'APP', '2026-06-22T12:54:48.855Z', '2026-06-22T12:54:48.855Z'),
  ('84491954-fe76-326d-2479-a9b025f40d3a', 'APP', NULL, 'Vitest 文档', 'https://vitest.dev/guide/', 'https://vitest.dev/guide', 'Vite 生态单元测试工具文档。', FALSE, TRUE, 'APP', '2026-06-22T12:54:47.855Z', '2026-06-22T12:54:47.855Z'),
  ('000c11eb-8f99-fc10-cd8a-bc5b7740f2a7', 'APP', NULL, 'Storybook 文档', 'https://storybook.js.org/docs', 'https://storybook.js.org/docs', '组件开发、展示和测试平台。', FALSE, TRUE, 'APP', '2026-06-22T12:54:46.855Z', '2026-06-22T12:54:46.855Z'),
  ('98810972-59e4-5a18-205d-c50dbf680342', 'APP', NULL, 'Node.js 文档', 'https://nodejs.org/en/docs', 'https://nodejs.org/en/docs', 'Node.js 运行时与标准库文档。', FALSE, TRUE, 'APP', '2026-06-22T12:54:45.855Z', '2026-06-22T12:54:45.855Z'),
  ('fdaf18d9-901b-9de5-df05-25395b44d72b', 'APP', NULL, 'Deno 文档', 'https://docs.deno.com/', 'https://docs.deno.com/', 'Deno 运行时开发文档。', FALSE, TRUE, 'APP', '2026-06-22T12:54:44.855Z', '2026-06-22T12:54:44.855Z'),
  ('7a6c4cb9-37d9-33d4-ae8d-874ddc7387c7', 'APP', NULL, 'Express 官网', 'https://expressjs.com/', 'https://expressjs.com/', '经典 Node Web 框架 Express。', FALSE, TRUE, 'APP', '2026-06-22T12:54:43.855Z', '2026-06-22T12:54:43.855Z'),
  ('c5e494ea-9120-c0c7-49dd-516b5e8c201d', 'APP', NULL, 'Fastify 文档', 'https://fastify.dev/docs/latest/', 'https://fastify.dev/docs/latest', '高性能 Node Web 框架文档。', FALSE, TRUE, 'APP', '2026-06-22T12:54:42.855Z', '2026-06-22T12:54:42.855Z'),
  ('928d9703-6d58-aca8-cf95-504756df21f2', 'APP', NULL, 'NestJS 官网', 'https://nestjs.com/', 'https://nestjs.com/', '企业级 Node 框架与架构模式。', FALSE, TRUE, 'APP', '2026-06-22T12:54:41.855Z', '2026-06-22T12:54:41.855Z'),
  ('92f04007-e59a-2a6a-d25a-933a4c6dfea5', 'APP', NULL, 'Spring Boot', 'https://spring.io/projects/spring-boot', 'https://spring.io/projects/spring-boot', 'Java 后端开发主流框架。', FALSE, TRUE, 'APP', '2026-06-22T12:54:40.855Z', '2026-06-22T12:54:40.855Z'),
  ('f18361c4-0f8b-0f72-a4dd-d99e10c940ca', 'APP', NULL, 'Go 官方文档', 'https://go.dev/doc/', 'https://go.dev/doc', 'Go 语言教程、规范与包文档。', FALSE, TRUE, 'APP', '2026-06-22T12:54:39.855Z', '2026-06-22T12:54:39.855Z'),
  ('a4f6f17e-ade5-2d9a-a1c3-9ce1ed545040', 'APP', NULL, 'Rust 学习入口', 'https://www.rust-lang.org/learn', 'https://www.rust-lang.org/learn', 'Rust 学习资料与实践路线。', FALSE, TRUE, 'APP', '2026-06-22T12:54:38.855Z', '2026-06-22T12:54:38.855Z'),
  ('a6d7e799-d5d3-6e7f-b811-e851adcc70d0', 'APP', NULL, 'Gin 官网', 'https://gin-gonic.com/', 'https://gin-gonic.com/', 'Go Web 框架 Gin 介绍。', FALSE, TRUE, 'APP', '2026-06-22T12:54:37.855Z', '2026-06-22T12:54:37.855Z'),
  ('f91374e0-94d0-5d07-6333-115a34137190', 'APP', NULL, 'gRPC 文档', 'https://grpc.io/docs/', 'https://grpc.io/docs', '高性能 RPC 协议与实现指南。', FALSE, TRUE, 'APP', '2026-06-22T12:54:36.855Z', '2026-06-22T12:54:36.855Z'),
  ('f033a173-a76d-1e30-af92-137df65499a5', 'APP', NULL, 'GraphQL Learn', 'https://graphql.org/learn/', 'https://graphql.org/learn', 'GraphQL 规范与建模基础。', FALSE, TRUE, 'APP', '2026-06-22T12:54:35.855Z', '2026-06-22T12:54:35.855Z'),
  ('6cd91c74-7f7a-8732-12f3-1ea98896b9a9', 'APP', NULL, 'OpenAPI Specification', 'https://swagger.io/specification/', 'https://swagger.io/specification', 'OpenAPI 规范定义与标准。', FALSE, TRUE, 'APP', '2026-06-22T12:54:34.855Z', '2026-06-22T12:54:34.855Z'),
  ('8c13437b-6537-8e53-b2b0-4fc56869ab0a', 'APP', NULL, 'Kotlin 文档', 'https://kotlinlang.org/docs/home.html', 'https://kotlinlang.org/docs/home.html', 'Kotlin 语言和后端开发指南。', FALSE, TRUE, 'APP', '2026-06-22T12:54:33.855Z', '2026-06-22T12:54:33.855Z'),
  ('f19bb2f0-f911-9c57-f9e9-c6c9b049455a', 'APP', NULL, 'Laravel 文档', 'https://laravel.com/docs', 'https://laravel.com/docs', 'PHP Web 框架 Laravel 文档。', FALSE, TRUE, 'APP', '2026-06-22T12:54:32.855Z', '2026-06-22T12:54:32.855Z'),
  ('790a0b02-5cb0-c374-104a-899602f130c4', 'APP', NULL, 'Python 官方文档', 'https://docs.python.org/3/', 'https://docs.python.org/3', 'Python 语言参考与标准库文档。', FALSE, TRUE, 'APP', '2026-06-22T12:54:31.855Z', '2026-06-22T12:54:31.855Z'),
  ('a58f857b-10b8-f8c1-2ede-6906f315fa14', 'APP', NULL, 'PostgreSQL 文档', 'https://www.postgresql.org/docs/', 'https://www.postgresql.org/docs', 'PostgreSQL 官方完整文档。', FALSE, TRUE, 'APP', '2026-06-22T12:54:30.855Z', '2026-06-22T12:54:30.855Z'),
  ('20113148-573d-e962-988b-a929d9fc3930', 'APP', NULL, 'MySQL 文档', 'https://dev.mysql.com/doc/', 'https://dev.mysql.com/doc', 'MySQL 官方手册与参考。', FALSE, TRUE, 'APP', '2026-06-22T12:54:29.855Z', '2026-06-22T12:54:29.855Z'),
  ('f38fcb5a-2934-4f7c-571d-d0e5ae5a2f38', 'APP', NULL, 'SQLite 文档', 'https://www.sqlite.org/docs.html', 'https://www.sqlite.org/docs.html', '嵌入式数据库 SQLite 文档。', FALSE, TRUE, 'APP', '2026-06-22T12:54:28.855Z', '2026-06-22T12:54:28.855Z'),
  ('2a34b5f3-016f-4d1b-b59a-a15e601a047d', 'APP', NULL, 'MongoDB 文档', 'https://www.mongodb.com/docs/', 'https://www.mongodb.com/docs', 'MongoDB 官方使用指南。', FALSE, TRUE, 'APP', '2026-06-22T12:54:27.855Z', '2026-06-22T12:54:27.855Z'),
  ('c6fe8288-76b6-ccc3-e4f5-37b4042f6f49', 'APP', NULL, 'Redis 文档', 'https://redis.io/docs/latest/', 'https://redis.io/docs/latest', 'Redis 数据结构与运维文档。', FALSE, TRUE, 'APP', '2026-06-22T12:54:26.855Z', '2026-06-22T12:54:26.855Z'),
  ('3c520bf3-d9db-ac90-13c6-2c1563ca18a0', 'APP', NULL, 'ClickHouse 文档', 'https://clickhouse.com/docs', 'https://clickhouse.com/docs', '列式数据库 ClickHouse 文档。', FALSE, TRUE, 'APP', '2026-06-22T12:54:25.855Z', '2026-06-22T12:54:25.855Z'),
  ('17c086f0-90d0-dc45-a883-e2e953980ddc', 'APP', NULL, 'Elastic 官方文档', 'https://www.elastic.co/guide/index.html', 'https://www.elastic.co/guide/index.html', 'Elasticsearch 与 Elastic Stack 文档。', FALSE, TRUE, 'APP', '2026-06-22T12:54:24.855Z', '2026-06-22T12:54:24.855Z'),
  ('ae0f5349-ab1c-e171-0dea-4b156547d231', 'APP', NULL, 'Prisma 文档', 'https://www.prisma.io/docs', 'https://www.prisma.io/docs', 'Prisma ORM 与迁移文档。', FALSE, TRUE, 'APP', '2026-06-22T12:54:23.855Z', '2026-06-22T12:54:23.855Z'),
  ('aff8a96a-2b49-36c7-fbf5-077f867d89dc', 'APP', NULL, 'Supabase 文档', 'https://supabase.com/docs', 'https://supabase.com/docs', '开源 BaaS 与 Postgres 扩展能力。', FALSE, TRUE, 'APP', '2026-06-22T12:54:22.855Z', '2026-06-22T12:54:22.855Z'),
  ('c041e934-0cb5-b141-cf87-a6a8076a91c2', 'APP', NULL, 'Neon 文档', 'https://neon.tech/docs', 'https://neon.tech/docs', 'Serverless Postgres 使用文档。', FALSE, TRUE, 'APP', '2026-06-22T12:54:21.855Z', '2026-06-22T12:54:21.855Z'),
  ('97e6f0ff-1829-9a97-0240-417f5466d2fc', 'APP', NULL, 'PlanetScale 文档', 'https://planetscale.com/docs', 'https://planetscale.com/docs', '基于 MySQL 的云数据库平台。', FALSE, TRUE, 'APP', '2026-06-22T12:54:20.855Z', '2026-06-22T12:54:20.855Z'),
  ('23e374a3-6321-e7fe-0884-7e6bfa3094ca', 'APP', NULL, 'DuckDB 文档', 'https://duckdb.org/docs/', 'https://duckdb.org/docs', '分析型嵌入式数据库 DuckDB。', FALSE, TRUE, 'APP', '2026-06-22T12:54:19.855Z', '2026-06-22T12:54:19.855Z'),
  ('17fb2ebb-27b1-1c70-1beb-496fa625408f', 'APP', NULL, 'Timescale 文档', 'https://docs.timescale.com/', 'https://docs.timescale.com/', '时序数据库 Timescale 使用文档。', FALSE, TRUE, 'APP', '2026-06-22T12:54:18.855Z', '2026-06-22T12:54:18.855Z'),
  ('b34c23b7-6a6a-391c-2c6a-6b660ce92c18', 'APP', NULL, 'InfluxDB 文档', 'https://docs.influxdata.com/', 'https://docs.influxdata.com/', '时序数据平台 InfluxDB 文档。', FALSE, TRUE, 'APP', '2026-06-22T12:54:17.855Z', '2026-06-22T12:54:17.855Z'),
  ('471fafbe-7590-48be-26c0-671618f3b232', 'APP', NULL, 'Cassandra 文档', 'https://cassandra.apache.org/doc/latest/', 'https://cassandra.apache.org/doc/latest', 'Apache Cassandra 官方文档。', FALSE, TRUE, 'APP', '2026-06-22T12:54:16.855Z', '2026-06-22T12:54:16.855Z'),
  ('1699369a-82af-d884-3dd7-978fcfde2e29', 'APP', NULL, 'AWS', 'https://aws.amazon.com/', 'https://aws.amazon.com/', 'Amazon 云服务全球基础设施平台。', FALSE, TRUE, 'APP', '2026-06-22T12:54:15.855Z', '2026-06-22T12:54:15.855Z'),
  ('3b74b007-201d-24a2-c5e1-8f6e2945a068', 'APP', NULL, 'Azure', 'https://azure.microsoft.com/', 'https://azure.microsoft.com/', 'Microsoft 云计算与 AI 服务平台。', FALSE, TRUE, 'APP', '2026-06-22T12:54:14.855Z', '2026-06-22T12:54:14.855Z'),
  ('712407bf-b321-68d4-9ef2-493f07d63a42', 'APP', NULL, 'Google Cloud', 'https://cloud.google.com/', 'https://cloud.google.com/', 'Google 云平台与大数据服务。', FALSE, TRUE, 'APP', '2026-06-22T12:54:13.855Z', '2026-06-22T12:54:13.855Z'),
  ('f3171d73-b70c-7606-b816-af7702dec876', 'APP', NULL, '阿里云', 'https://www.aliyun.com/', 'https://www.aliyun.com/', '中国领先的云计算与数据服务平台。', FALSE, TRUE, 'APP', '2026-06-22T12:54:12.856Z', '2026-06-22T12:54:12.856Z'),
  ('287bf4db-d26e-1b2c-78e1-39afceaa71af', 'APP', NULL, '腾讯云', 'https://cloud.tencent.com/', 'https://cloud.tencent.com/', '腾讯旗下云计算与互联网服务。', FALSE, TRUE, 'APP', '2026-06-22T12:54:11.856Z', '2026-06-22T12:54:11.856Z'),
  ('8aee3930-ad2d-2bca-a91a-20e0c25348fd', 'APP', NULL, '华为云', 'https://www.huaweicloud.com/', 'https://www.huaweicloud.com/', '华为云计算与企业数字化转型服务。', FALSE, TRUE, 'APP', '2026-06-22T12:54:10.856Z', '2026-06-22T12:54:10.856Z'),
  ('8d132976-e19d-9430-397d-6e4b874a05f4', 'APP', NULL, 'Vercel', 'https://vercel.com/', 'https://vercel.com/', '前端项目部署与 Serverless 托管平台。', FALSE, TRUE, 'APP', '2026-06-22T12:54:09.856Z', '2026-06-22T12:54:09.856Z'),
  ('fe568c31-792d-2354-d54e-89adccf97609', 'APP', NULL, 'Cloudflare', 'https://www.cloudflare.com/', 'https://www.cloudflare.com/', 'CDN、安全防护与边缘计算服务。', FALSE, TRUE, 'APP', '2026-06-22T12:54:08.856Z', '2026-06-22T12:54:08.856Z'),
  ('9231fdcd-77cb-7a0d-d802-926e1207adb8', 'APP', NULL, 'DigitalOcean', 'https://www.digitalocean.com/', 'https://www.digitalocean.com/', '简洁云主机与托管数据库服务。', FALSE, TRUE, 'APP', '2026-06-22T12:54:07.856Z', '2026-06-22T12:54:07.856Z'),
  ('80f9492a-d7e4-7ce0-170d-0f0be9795530', 'APP', NULL, 'Railway', 'https://railway.app/', 'https://railway.app/', '一键部署全栈应用的云平台。', FALSE, TRUE, 'APP', '2026-06-22T12:54:06.856Z', '2026-06-22T12:54:06.856Z'),
  ('b6d4a840-69a8-a70a-86d1-3f37600ef9fc', 'APP', NULL, 'Fly.io', 'https://fly.io/', 'https://fly.io/', '边缘部署与全球分布式应用运行。', FALSE, TRUE, 'APP', '2026-06-22T12:54:05.856Z', '2026-06-22T12:54:05.856Z'),
  ('ed97f5e1-4e2c-03fb-52d3-eb814c9b99b6', 'APP', NULL, 'Heroku', 'https://www.heroku.com/', 'https://www.heroku.com/', '经典 PaaS 平台与快速应用部署。', FALSE, TRUE, 'APP', '2026-06-22T12:54:04.856Z', '2026-06-22T12:54:04.856Z'),
  ('4821f396-d75d-3bfb-94e8-9ad7855826e4', 'APP', NULL, 'Firebase', 'https://firebase.google.com/', 'https://firebase.google.com/', 'Google BaaS 平台与移动后端服务。', FALSE, TRUE, 'APP', '2026-06-22T12:54:03.856Z', '2026-06-22T12:54:03.856Z'),
  ('b56339a1-d8d2-4305-599a-7d52fc95e822', 'APP', NULL, 'Supabase', 'https://supabase.com/', 'https://supabase.com/', '开源 BaaS 与 Postgres 托管服务。', FALSE, TRUE, 'APP', '2026-06-22T12:54:02.856Z', '2026-06-22T12:54:02.856Z'),
  ('30ef9c9b-ce3a-1c98-e8f0-76781a6335ee', 'APP', NULL, 'Netlify', 'https://www.netlify.com/', 'https://www.netlify.com/', '静态站点与 Jamstack 部署平台。', FALSE, TRUE, 'APP', '2026-06-22T12:54:01.856Z', '2026-06-22T12:54:01.856Z'),
  ('26c3afea-0aad-ac02-184b-48e5b90e0a3c', 'APP', NULL, 'Kubernetes 文档', 'https://kubernetes.io/docs/home/', 'https://kubernetes.io/docs/home', '容器编排 Kubernetes 官方文档。', FALSE, TRUE, 'APP', '2026-06-22T12:54:00.856Z', '2026-06-22T12:54:00.856Z'),
  ('08024501-545d-fa67-c452-ef676599b099', 'APP', NULL, 'Docker 文档', 'https://docs.docker.com/', 'https://docs.docker.com/', 'Docker 容器与镜像使用指南。', FALSE, TRUE, 'APP', '2026-06-22T12:53:59.856Z', '2026-06-22T12:53:59.856Z'),
  ('bb7b7840-d241-0560-ca39-814af13294c6', 'APP', NULL, 'Helm 文档', 'https://helm.sh/docs/', 'https://helm.sh/docs', 'Kubernetes 包管理工具 Helm。', FALSE, TRUE, 'APP', '2026-06-22T12:53:58.856Z', '2026-06-22T12:53:58.856Z'),
  ('6f5eef49-883f-c46b-b5b0-7ee1b3b3d8b0', 'APP', NULL, 'Prometheus 文档', 'https://prometheus.io/docs/introduction/overview/', 'https://prometheus.io/docs/introduction/overview', '监控系统 Prometheus 介绍与文档。', FALSE, TRUE, 'APP', '2026-06-22T12:53:57.856Z', '2026-06-22T12:53:57.856Z'),
  ('b6e22393-4ca5-b9d9-8000-1626e857aec4', 'APP', NULL, 'Grafana 文档', 'https://grafana.com/docs/', 'https://grafana.com/docs', '可观测性面板与告警平台文档。', FALSE, TRUE, 'APP', '2026-06-22T12:53:56.856Z', '2026-06-22T12:53:56.856Z'),
  ('1156d209-d3f8-3fb8-8d5a-04bd295d189a', 'APP', NULL, 'Istio 文档', 'https://istio.io/latest/docs/', 'https://istio.io/latest/docs', '服务网格 Istio 配置与治理。', FALSE, TRUE, 'APP', '2026-06-22T12:53:55.856Z', '2026-06-22T12:53:55.856Z'),
  ('d46576be-117e-c3e5-8942-39ad1f4fd07e', 'APP', NULL, 'Terraform 文档', 'https://developer.hashicorp.com/terraform/docs', 'https://developer.hashicorp.com/terraform/docs', '基础设施即代码 Terraform 文档。', FALSE, TRUE, 'APP', '2026-06-22T12:53:54.856Z', '2026-06-22T12:53:54.856Z'),
  ('a28c81a8-f18d-2ee0-bed1-c917b035b550', 'APP', NULL, 'Ansible 文档', 'https://docs.ansible.com/', 'https://docs.ansible.com/', '自动化运维工具 Ansible 文档。', FALSE, TRUE, 'APP', '2026-06-22T12:53:53.856Z', '2026-06-22T12:53:53.856Z'),
  ('3dae79af-1b4f-2de0-ab5f-f8920e3a2879', 'APP', NULL, 'NGINX 文档', 'https://nginx.org/en/docs/', 'https://nginx.org/en/docs', '反向代理与网关 NGINX 文档。', FALSE, TRUE, 'APP', '2026-06-22T12:53:52.856Z', '2026-06-22T12:53:52.856Z'),
  ('0c5993f0-def8-b902-0d7c-8648bb946239', 'APP', NULL, 'Jenkins', 'https://www.jenkins.io/', 'https://www.jenkins.io/', '经典 CI/CD 自动化服务器与插件生态。', FALSE, TRUE, 'APP', '2026-06-22T12:53:51.856Z', '2026-06-22T12:53:51.856Z'),
  ('d65906e8-58a8-9e43-b62e-dd2a374cbcdb', 'APP', NULL, 'Argo CD 文档', 'https://argo-cd.readthedocs.io/en/stable/', 'https://argo-cd.readthedocs.io/en/stable', 'GitOps 持续交付工具 Argo CD。', FALSE, TRUE, 'APP', '2026-06-22T12:53:50.856Z', '2026-06-22T12:53:50.856Z'),
  ('c287df46-5a99-f6c5-c590-e8ee903fc99e', 'APP', NULL, 'AWS 文档', 'https://docs.aws.amazon.com/', 'https://docs.aws.amazon.com/', 'Amazon Web Services 官方文档。', FALSE, TRUE, 'APP', '2026-06-22T12:53:49.856Z', '2026-06-22T12:53:49.856Z'),
  ('76d1b87f-7b8a-b686-ec52-837d5329b206', 'APP', NULL, '阿里云文档', 'https://help.aliyun.com/', 'https://help.aliyun.com/', '阿里云产品与解决方案文档。', FALSE, TRUE, 'APP', '2026-06-22T12:53:48.856Z', '2026-06-22T12:53:48.856Z'),
  ('b43ff13b-06f9-adbb-16a9-14475b6d7914', 'APP', NULL, '腾讯云文档', 'https://cloud.tencent.com/document', 'https://cloud.tencent.com/document', '腾讯云开发、部署与运维文档。', FALSE, TRUE, 'APP', '2026-06-22T12:53:47.856Z', '2026-06-22T12:53:47.856Z'),
  ('56f77d84-3d0f-d9dc-64cb-673d3b19280c', 'APP', NULL, 'DigitalOcean Docs', 'https://docs.digitalocean.com/', 'https://docs.digitalocean.com/', '云主机、网络与托管服务文档。', FALSE, TRUE, 'APP', '2026-06-22T12:53:46.856Z', '2026-06-22T12:53:46.856Z'),
  ('eb297c2f-9044-4e88-ab43-c090b3976fe8', 'APP', NULL, 'OWASP', 'https://owasp.org/', 'https://owasp.org/', '应用安全社区与项目集合。', FALSE, TRUE, 'APP', '2026-06-22T12:53:45.856Z', '2026-06-22T12:53:45.856Z'),
  ('bf0d8cd6-92ea-b740-2ec0-5b3b2ac2dc0c', 'APP', NULL, 'CIS Benchmarks', 'https://www.cisecurity.org/cis-benchmarks', 'https://www.cisecurity.org/cis-benchmarks', '系统与服务的安全基线配置标准。', FALSE, TRUE, 'APP', '2026-06-22T12:53:44.856Z', '2026-06-22T12:53:44.856Z'),
  ('245da740-de6a-ea56-bae0-36e088db8979', 'APP', NULL, 'CWE', 'https://cwe.mitre.org/', 'https://cwe.mitre.org/', '软件弱点分类与参考。', FALSE, TRUE, 'APP', '2026-06-22T12:53:43.856Z', '2026-06-22T12:53:43.856Z'),
  ('0754bcd7-c23e-f56b-672f-2fb391527cfd', 'APP', NULL, 'CVE Program', 'https://www.cve.org/', 'https://www.cve.org/', '公开漏洞编号与信息索引。', FALSE, TRUE, 'APP', '2026-06-22T12:53:42.856Z', '2026-06-22T12:53:42.856Z'),
  ('adca5c57-41fc-90f6-4a3b-4281744debd5', 'APP', NULL, 'NVD', 'https://nvd.nist.gov/', 'https://nvd.nist.gov/', '国家漏洞数据库与评分信息。', FALSE, TRUE, 'APP', '2026-06-22T12:53:41.856Z', '2026-06-22T12:53:41.856Z'),
  ('8436f812-bb80-7551-88d0-9f5af7d6e9fc', 'APP', NULL, 'CISA', 'https://www.cisa.gov/', 'https://www.cisa.gov/', '美国网络安全与基础设施安全局。', FALSE, TRUE, 'APP', '2026-06-22T12:53:40.856Z', '2026-06-22T12:53:40.856Z'),
  ('19fe41d5-9d81-c9fc-e798-6e3d0b18f090', 'APP', NULL, 'MDN Web Security', 'https://developer.mozilla.org/en-US/docs/Web/Security', 'https://developer.mozilla.org/en-US/docs/Web/Security', 'Web 安全基础与最佳实践。', FALSE, TRUE, 'APP', '2026-06-22T12:53:39.856Z', '2026-06-22T12:53:39.856Z'),
  ('f295db1d-8225-525f-cc61-11b4c8e7fd49', 'APP', NULL, 'PortSwigger Web Security Academy', 'https://portswigger.net/web-security', 'https://portswigger.net/web-security', '实战导向的 Web 安全学习平台。', FALSE, TRUE, 'APP', '2026-06-22T12:53:38.856Z', '2026-06-22T12:53:38.856Z'),
  ('5bce9ed8-a09f-9c7e-e560-bdf02ffba928', 'APP', NULL, 'Let''s Encrypt', 'https://letsencrypt.org/', 'https://letsencrypt.org/', '免费 TLS 证书与自动化签发。', FALSE, TRUE, 'APP', '2026-06-22T12:53:37.856Z', '2026-06-22T12:53:37.856Z'),
  ('b4b61815-cf36-a5af-4a6d-49b64b056eaf', 'APP', NULL, 'HackerOne', 'https://www.hackerone.com/', 'https://www.hackerone.com/', '漏洞众测与安全响应协作平台。', FALSE, TRUE, 'APP', '2026-06-22T12:53:36.856Z', '2026-06-22T12:53:36.856Z'),
  ('ba609849-ec6c-7e53-d0e3-ca18eb4e29f3', 'APP', NULL, '国家信息安全漏洞共享平台 CNVD', 'https://www.cnvd.org.cn/', 'https://www.cnvd.org.cn/', '中文漏洞公告与预警信息。', FALSE, TRUE, 'APP', '2026-06-22T12:53:35.856Z', '2026-06-22T12:53:35.856Z'),
  ('58ca15f7-cdb5-abd1-428c-3c9d21997962', 'APP', NULL, 'FreeBuf', 'https://www.freebuf.com/', 'https://www.freebuf.com/', '中文安全社区与攻防资讯。', FALSE, TRUE, 'APP', '2026-06-22T12:53:34.856Z', '2026-06-22T12:53:34.856Z'),
  ('fb501a3f-d9b7-4f36-9177-aea172834722', 'APP', NULL, 'SANS', 'https://www.sans.org/', 'https://www.sans.org/', '安全培训、研究与应急资源。', FALSE, TRUE, 'APP', '2026-06-22T12:53:33.856Z', '2026-06-22T12:53:33.856Z'),
  ('ef74a13b-21f3-815e-a2b0-d8523136d22b', 'APP', NULL, 'Google Security Blog', 'https://security.googleblog.com/', 'https://security.googleblog.com/', 'Google 安全团队公开技术文章。', FALSE, TRUE, 'APP', '2026-06-22T12:53:32.856Z', '2026-06-22T12:53:32.856Z'),
  ('59117181-d139-bfed-f532-d61d6d6fc902', 'APP', NULL, 'Have I Been Pwned', 'https://haveibeenpwned.com/', 'https://haveibeenpwned.com/', '邮箱泄露记录与安全检测服务。', FALSE, TRUE, 'APP', '2026-06-22T12:53:31.856Z', '2026-06-22T12:53:31.856Z'),
  ('f0a7f7f4-55a1-091a-6e71-373bc45b0dfc', 'APP', NULL, 'GitHub', 'https://github.com/', 'https://github.com/', '代码托管、协作与开源平台。', FALSE, TRUE, 'APP', '2026-06-22T12:53:30.856Z', '2026-06-22T12:53:30.856Z'),
  ('96d5ef82-9ba9-81fa-a8bf-fd850bb42e69', 'APP', NULL, 'GitLab', 'https://about.gitlab.com/', 'https://about.gitlab.com/', 'DevSecOps 一体化协作平台。', FALSE, TRUE, 'APP', '2026-06-22T12:53:29.856Z', '2026-06-22T12:53:29.856Z'),
  ('687f6fc9-df5c-270c-24f5-a272ca896bbd', 'APP', NULL, 'Jira', 'https://www.atlassian.com/software/jira', 'https://www.atlassian.com/software/jira', '项目管理与敏捷任务追踪。', FALSE, TRUE, 'APP', '2026-06-22T12:53:28.856Z', '2026-06-22T12:53:28.856Z'),
  ('0abb0e95-dfd8-ba4e-9e96-79e70c2c6146', 'APP', NULL, 'Linear', 'https://linear.app/', 'https://linear.app/', '高效率工程团队任务管理。', FALSE, TRUE, 'APP', '2026-06-22T12:53:27.856Z', '2026-06-22T12:53:27.856Z'),
  ('2e6e980d-f01e-775b-08b0-3d8d360f81cc', 'APP', NULL, 'Notion', 'https://www.notion.so/', 'https://www.notion.so/', '文档、知识库与项目协同。', FALSE, TRUE, 'APP', '2026-06-22T12:53:26.856Z', '2026-06-22T12:53:26.856Z'),
  ('fc0a9614-6e77-d8cc-7d6f-d695c891c1ab', 'APP', NULL, 'Obsidian', 'https://obsidian.md/', 'https://obsidian.md/', '本地知识管理与双链笔记。', FALSE, TRUE, 'APP', '2026-06-22T12:53:25.856Z', '2026-06-22T12:53:25.856Z'),
  ('b3624e7e-bcc4-fc9c-e753-182c89a1a3b2', 'APP', NULL, 'Raycast', 'https://www.raycast.com/', 'https://www.raycast.com/', 'Mac 高效启动器与自动化入口。', FALSE, TRUE, 'APP', '2026-06-22T12:53:24.856Z', '2026-06-22T12:53:24.856Z'),
  ('86bda334-582a-323b-4af9-539ffb7aad07', 'APP', NULL, 'VS Code 文档', 'https://code.visualstudio.com/docs', 'https://code.visualstudio.com/docs', '编辑器配置、调试与扩展文档。', FALSE, TRUE, 'APP', '2026-06-22T12:53:23.856Z', '2026-06-22T12:53:23.856Z'),
  ('8285c586-36df-8c5e-5e74-814cde09a624', 'APP', NULL, 'JetBrains', 'https://www.jetbrains.com/', 'https://www.jetbrains.com/', 'IDE 工具矩阵与开发者生态。', FALSE, TRUE, 'APP', '2026-06-22T12:53:22.856Z', '2026-06-22T12:53:22.856Z'),
  ('6644d476-5265-0a2f-7346-a772d4592832', 'APP', NULL, 'Postman', 'https://www.postman.com/', 'https://www.postman.com/', 'API 调试、测试与协作平台。', FALSE, TRUE, 'APP', '2026-06-22T12:53:21.856Z', '2026-06-22T12:53:21.856Z'),
  ('3cbde6ac-a89f-c681-55b5-228a5b93f392', 'APP', NULL, 'Insomnia', 'https://insomnia.rest/', 'https://insomnia.rest/', '轻量 API 调试客户端工具。', FALSE, TRUE, 'APP', '2026-06-22T12:53:20.856Z', '2026-06-22T12:53:20.856Z'),
  ('77487877-1a11-fd38-b357-43d2fd4966af', 'APP', NULL, 'Alfred', 'https://www.alfredapp.com/', 'https://www.alfredapp.com/', 'Mac 自动化与效率增强工具。', FALSE, TRUE, 'APP', '2026-06-22T12:53:19.856Z', '2026-06-22T12:53:19.856Z'),
  ('c69b8437-aaa4-9d3f-4e6b-062c5f48a9ff', 'APP', NULL, 'iTerm2', 'https://iterm2.com/', 'https://iterm2.com/', 'macOS 终端增强工具。', FALSE, TRUE, 'APP', '2026-06-22T12:53:18.856Z', '2026-06-22T12:53:18.856Z'),
  ('f77adec8-c113-1ccd-1664-d4e28c91b132', 'APP', NULL, 'Warp', 'https://www.warp.dev/', 'https://www.warp.dev/', '现代化终端与命令增强工具。', FALSE, TRUE, 'APP', '2026-06-22T12:53:17.856Z', '2026-06-22T12:53:17.856Z'),
  ('7c107fba-f1a7-3106-9b71-666a488005b1', 'APP', NULL, 'Oh My Zsh', 'https://ohmyz.sh/', 'https://ohmyz.sh/', 'Zsh 配置框架与插件体系。', FALSE, TRUE, 'APP', '2026-06-22T12:53:16.856Z', '2026-06-22T12:53:16.856Z'),
  ('9c49113b-e960-923e-8eba-be4e6319260d', 'APP', NULL, 'Stack Overflow', 'https://stackoverflow.com/', 'https://stackoverflow.com/', '全球开发者问答社区。', FALSE, TRUE, 'APP', '2026-06-22T12:53:15.856Z', '2026-06-22T12:53:15.856Z'),
  ('b0a043ec-3264-16f0-83cb-b1c080f368fc', 'APP', NULL, 'DEV Community', 'https://dev.to/', 'https://dev.to/', '开发者博客与经验分享社区。', FALSE, TRUE, 'APP', '2026-06-22T12:53:14.856Z', '2026-06-22T12:53:14.856Z'),
  ('5b6a8768-0a0b-f246-cf88-f8b1b33203bc', 'APP', NULL, 'Hashnode', 'https://hashnode.com/', 'https://hashnode.com/', '面向开发者的写作与社区平台。', FALSE, TRUE, 'APP', '2026-06-22T12:53:13.856Z', '2026-06-22T12:53:13.856Z'),
  ('f1c28fe2-fc1c-dcbd-3b43-c6e7105b5c56', 'APP', NULL, 'Hacker News', 'https://news.ycombinator.com/', 'https://news.ycombinator.com/', '技术创业与工程新闻聚合。', FALSE, TRUE, 'APP', '2026-06-22T12:53:12.856Z', '2026-06-22T12:53:12.856Z'),
  ('082804d0-812b-0cb4-39b1-bd30c2f927d2', 'APP', NULL, 'Lobsters', 'https://lobste.rs/', 'https://lobste.rs/', '工程师社区驱动的技术讨论。', FALSE, TRUE, 'APP', '2026-06-22T12:53:11.856Z', '2026-06-22T12:53:11.856Z'),
  ('ddc0e851-f104-d12e-fa9a-0cc894ad480f', 'APP', NULL, '稀土掘金', 'https://juejin.cn/', 'https://juejin.cn/', '中文开发者技术社区与专栏。', FALSE, TRUE, 'APP', '2026-06-22T12:53:10.856Z', '2026-06-22T12:53:10.856Z'),
  ('e9586a2c-243d-4bd7-a79c-3d0c3313976e', 'APP', NULL, 'V2EX', 'https://www.v2ex.com/', 'https://www.v2ex.com/', '中文极客社区与技术讨论。', FALSE, TRUE, 'APP', '2026-06-22T12:53:09.856Z', '2026-06-22T12:53:09.856Z'),
  ('7daad13e-cc25-421b-67dd-cb1ed96a1bcb', 'APP', NULL, '知乎', 'https://www.zhihu.com/', 'https://www.zhihu.com/', '中文问答平台，含大量技术话题。', FALSE, TRUE, 'APP', '2026-06-22T12:53:08.856Z', '2026-06-22T12:53:08.856Z'),
  ('4be8a482-6ffb-62e9-3600-845126bc9c76', 'APP', NULL, '阮一峰的网络日志', 'https://www.ruanyifeng.com/blog/', 'https://www.ruanyifeng.com/blog', '中文技术周刊与长期内容积累。', FALSE, TRUE, 'APP', '2026-06-22T12:53:07.856Z', '2026-06-22T12:53:07.856Z'),
  ('8b780c15-75da-9319-9483-e0f589bfebfd', 'APP', NULL, '廖雪峰官方网站', 'https://liaoxuefeng.com/', 'https://liaoxuefeng.com/', '中文编程教程与实践内容。', FALSE, TRUE, 'APP', '2026-06-22T12:53:06.856Z', '2026-06-22T12:53:06.856Z'),
  ('365aeecb-ae35-39f9-e497-070f3aed108a', 'APP', NULL, '菜鸟教程', 'https://www.runoob.com/', 'https://www.runoob.com/', '中文入门教程与语法速查。', FALSE, TRUE, 'APP', '2026-06-22T12:53:05.856Z', '2026-06-22T12:53:05.856Z'),
  ('64faf995-c62f-daa2-ee52-53814db26500', 'APP', NULL, '极客时间', 'https://time.geekbang.org/', 'https://time.geekbang.org/', '技术专栏课程与行业专题。', FALSE, TRUE, 'APP', '2026-06-22T12:53:04.856Z', '2026-06-22T12:53:04.856Z'),
  ('d10949ef-bcf3-52fc-6585-1ac2c27fcd6e', 'APP', NULL, 'SegmentFault 思否', 'https://segmentfault.com/', 'https://segmentfault.com/', '中文开发者问答与文章平台。', FALSE, TRUE, 'APP', '2026-06-22T12:53:03.856Z', '2026-06-22T12:53:03.856Z'),
  ('2e0ed4d7-203e-e8a8-a21f-cd6a4c3d0663', 'APP', NULL, '开源中国', 'https://www.oschina.net/', 'https://www.oschina.net/', '中文开源资讯与项目推荐。', FALSE, TRUE, 'APP', '2026-06-22T12:53:02.856Z', '2026-06-22T12:53:02.856Z'),
  ('ae479036-863f-bb37-5167-1fee67c8021f', 'APP', NULL, 'Bilibili', 'https://www.bilibili.com/', 'https://www.bilibili.com/', '中文视频社区，含高质量技术内容。', FALSE, TRUE, 'APP', '2026-06-22T12:53:01.856Z', '2026-06-22T12:53:01.856Z'),
  ('555513a7-e05d-43be-b87a-94bcd05f9593', 'APP', NULL, 'Google Scholar', 'https://scholar.google.com/', 'https://scholar.google.com/', '学术检索与引用追踪入口。', FALSE, TRUE, 'APP', '2026-06-22T12:53:00.856Z', '2026-06-22T12:53:00.856Z'),
  ('ea542a22-7850-0713-5ece-4c54ae793b84', 'APP', NULL, 'Semantic Scholar', 'https://www.semanticscholar.org/', 'https://www.semanticscholar.org/', 'AI 驱动的学术搜索平台。', FALSE, TRUE, 'APP', '2026-06-22T12:52:59.856Z', '2026-06-22T12:52:59.856Z'),
  ('cdf6f79b-c9cc-0633-35cb-a35f8de2a5b0', 'APP', NULL, 'OpenReview', 'https://openreview.net/', 'https://openreview.net/', '机器学习会议评审与论文平台。', FALSE, TRUE, 'APP', '2026-06-22T12:52:58.856Z', '2026-06-22T12:52:58.856Z'),
  ('37074466-c4b3-7e3a-bfc3-18f3e0c5a4e3', 'APP', NULL, 'DBLP', 'https://dblp.org/', 'https://dblp.org/', '计算机领域文献索引数据库。', FALSE, TRUE, 'APP', '2026-06-22T12:52:57.856Z', '2026-06-22T12:52:57.856Z'),
  ('eae43b6f-64e2-c587-b240-719b1767cefd', 'APP', NULL, 'ACL Anthology', 'https://aclanthology.org/', 'https://aclanthology.org/', '自然语言处理论文收录平台。', FALSE, TRUE, 'APP', '2026-06-22T12:52:56.856Z', '2026-06-22T12:52:56.856Z'),
  ('e9a62b11-d5a6-1da8-2908-d35348eb8914', 'APP', NULL, 'NeurIPS', 'https://neurips.cc/', 'https://neurips.cc/', 'NeurIPS 官方会议主页。', FALSE, TRUE, 'APP', '2026-06-22T12:52:55.856Z', '2026-06-22T12:52:55.856Z'),
  ('51886ada-33ce-1d7f-8e02-5b0d88b3e930', 'APP', NULL, 'ICML', 'https://icml.cc/', 'https://icml.cc/', 'ICML 官方会议主页。', FALSE, TRUE, 'APP', '2026-06-22T12:52:54.856Z', '2026-06-22T12:52:54.856Z'),
  ('a4b664ac-c85d-e4d4-15a6-0c7f8440af79', 'APP', NULL, 'ICLR', 'https://iclr.cc/', 'https://iclr.cc/', 'ICLR 官方会议主页。', FALSE, TRUE, 'APP', '2026-06-22T12:52:53.856Z', '2026-06-22T12:52:53.856Z'),
  ('2836bab8-b471-c8b7-27dd-aeea77a6b174', 'APP', NULL, 'PMLR', 'https://proceedings.mlr.press/', 'https://proceedings.mlr.press/', '机器学习会议论文集。', FALSE, TRUE, 'APP', '2026-06-22T12:52:52.856Z', '2026-06-22T12:52:52.856Z'),
  ('4b58aebc-7b6b-f310-b11a-bbc88b5d853e', 'APP', NULL, 'Nature', 'https://www.nature.com/', 'https://www.nature.com/', '综合性科研期刊与资讯平台。', FALSE, TRUE, 'APP', '2026-06-22T12:52:51.856Z', '2026-06-22T12:52:51.856Z'),
  ('86d40fbb-63e2-7851-332b-8d36826c6e93', 'APP', NULL, 'Science', 'https://www.science.org/', 'https://www.science.org/', 'AAAS 旗下科研期刊平台。', FALSE, TRUE, 'APP', '2026-06-22T12:52:50.856Z', '2026-06-22T12:52:50.856Z'),
  ('f0d32730-8a98-4788-d803-ed614014fbe5', 'APP', NULL, 'ScienceDirect', 'https://www.sciencedirect.com/', 'https://www.sciencedirect.com/', 'Elsevier 学术期刊数据库。', FALSE, TRUE, 'APP', '2026-06-22T12:52:49.856Z', '2026-06-22T12:52:49.856Z'),
  ('aeffa28f-d4c8-2201-a6bd-5d0ed5535c34', 'APP', NULL, 'IEEE Xplore', 'https://ieeexplore.ieee.org/', 'https://ieeexplore.ieee.org/', '电子电气与计算机学术论文库。', FALSE, TRUE, 'APP', '2026-06-22T12:52:48.856Z', '2026-06-22T12:52:48.856Z'),
  ('0a56ef62-22b1-e9fe-c43c-c9a5512fdad3', 'APP', NULL, 'ACM Digital Library', 'https://dl.acm.org/', 'https://dl.acm.org/', '计算机科学数字图书馆。', FALSE, TRUE, 'APP', '2026-06-22T12:52:47.856Z', '2026-06-22T12:52:47.856Z'),
  ('8a8489fb-8680-036e-a8be-3efe589ea839', 'APP', NULL, 'ResearchGate', 'https://www.researchgate.net/', 'https://www.researchgate.net/', '研究者社交与论文交流平台。', FALSE, TRUE, 'APP', '2026-06-22T12:52:46.856Z', '2026-06-22T12:52:46.856Z');

INSERT INTO "bookmark_tags" (
  "bookmark_id",
  "tag_id",
  "created_at"
)
VALUES
  ('6a1960ba-2211-23c7-5e19-ac553abfd6ae', 'f5d9bd13-7f27-04b8-f4ca-60e76ca04e03', NOW()),
  ('af0b8915-50b7-c4bd-c9d9-176f6855bfe8', 'f5d9bd13-7f27-04b8-f4ca-60e76ca04e03', NOW()),
  ('5b2dedec-83de-b02c-994e-bc3be5da0412', 'f5d9bd13-7f27-04b8-f4ca-60e76ca04e03', NOW()),
  ('f721d939-8891-beff-155b-522a1e53f702', 'f5d9bd13-7f27-04b8-f4ca-60e76ca04e03', NOW()),
  ('4f38f986-24cf-d9dc-ce33-dc11c06dc819', 'f5d9bd13-7f27-04b8-f4ca-60e76ca04e03', NOW()),
  ('4921658c-5783-879c-ee01-cd5f6ebbd900', 'f5d9bd13-7f27-04b8-f4ca-60e76ca04e03', NOW()),
  ('cccbc551-cc4b-48a4-bb2f-ec2d1b1a10fe', 'f5d9bd13-7f27-04b8-f4ca-60e76ca04e03', NOW()),
  ('1ca15001-1d9d-cb50-b2eb-11aae719e75d', 'f5d9bd13-7f27-04b8-f4ca-60e76ca04e03', NOW()),
  ('dd028004-6a39-5676-7af4-e050dfd1a36e', 'f5d9bd13-7f27-04b8-f4ca-60e76ca04e03', NOW()),
  ('19116ebf-c059-05b8-d086-7853af7105ee', 'f5d9bd13-7f27-04b8-f4ca-60e76ca04e03', NOW()),
  ('cd74eefe-6edf-1ee1-33f3-e24f13a1708d', 'f5d9bd13-7f27-04b8-f4ca-60e76ca04e03', NOW()),
  ('34c16292-834a-33a3-a107-39d96b4983c4', 'f5d9bd13-7f27-04b8-f4ca-60e76ca04e03', NOW()),
  ('b909ad03-e4c2-0851-1ec1-8f8ba1ced4b3', 'f5d9bd13-7f27-04b8-f4ca-60e76ca04e03', NOW()),
  ('c2040caa-772e-ef86-f47b-74cd79f0759a', 'f5d9bd13-7f27-04b8-f4ca-60e76ca04e03', NOW()),
  ('c0efa1ba-cbed-9744-2c78-1c22bdb9f161', 'f5d9bd13-7f27-04b8-f4ca-60e76ca04e03', NOW()),
  ('5216473a-f365-7642-457a-c7b4d61d9bc5', 'f5d9bd13-7f27-04b8-f4ca-60e76ca04e03', NOW()),
  ('8fa0abb8-de77-396b-1652-f03628b87e7d', 'f5d9bd13-7f27-04b8-f4ca-60e76ca04e03', NOW()),
  ('f2c52166-8646-2137-7bc8-a43be9d01f56', 'ddfc9748-d095-bbb6-cd06-bb92a8d9f55c', NOW()),
  ('f49a798d-21e5-9153-5555-d5234daac615', 'ddfc9748-d095-bbb6-cd06-bb92a8d9f55c', NOW()),
  ('cd6847c8-5743-456f-a63a-9eb8a8d5d6a6', 'ddfc9748-d095-bbb6-cd06-bb92a8d9f55c', NOW()),
  ('ce401d95-3441-0286-ff3b-34d803d06203', 'ddfc9748-d095-bbb6-cd06-bb92a8d9f55c', NOW()),
  ('d6b5be06-74f8-992f-8db6-ecf66eff8e1c', 'ddfc9748-d095-bbb6-cd06-bb92a8d9f55c', NOW()),
  ('ea3b53ae-873d-bc42-26dd-a9eb5b7704b7', 'ddfc9748-d095-bbb6-cd06-bb92a8d9f55c', NOW()),
  ('f544ea01-f98b-63a5-3d5a-c1b9689a57f5', 'ddfc9748-d095-bbb6-cd06-bb92a8d9f55c', NOW()),
  ('89d20bd6-2372-6611-889d-df323953520a', 'ddfc9748-d095-bbb6-cd06-bb92a8d9f55c', NOW()),
  ('abf51542-d8cc-1375-981d-34d839ea632e', 'ddfc9748-d095-bbb6-cd06-bb92a8d9f55c', NOW()),
  ('c7afd672-1d68-69a5-36de-0c34bba2564c', 'ddfc9748-d095-bbb6-cd06-bb92a8d9f55c', NOW()),
  ('90bed642-4909-d4fd-33b3-46cb13175f0a', 'ddfc9748-d095-bbb6-cd06-bb92a8d9f55c', NOW()),
  ('bf24e553-3ba5-baa2-dcac-d7ea23b75b5f', 'ddfc9748-d095-bbb6-cd06-bb92a8d9f55c', NOW()),
  ('9d4003ac-50ac-d0f0-6062-edbcbcbff7c8', 'ddfc9748-d095-bbb6-cd06-bb92a8d9f55c', NOW()),
  ('97740410-8cc8-a133-fe21-60753ac6c6d5', 'ddfc9748-d095-bbb6-cd06-bb92a8d9f55c', NOW()),
  ('2b38cb11-69f9-bd4f-d1b3-ce2a3eb8e1b2', 'ddfc9748-d095-bbb6-cd06-bb92a8d9f55c', NOW()),
  ('b726753f-6c2a-ea86-aa77-0f0562366623', 'a02d76bf-3a37-6e4a-9ac5-da4ecece6884', NOW()),
  ('97c8d86e-90d6-5dc0-45d5-048be230be52', 'a02d76bf-3a37-6e4a-9ac5-da4ecece6884', NOW()),
  ('4fdf7e8a-0504-f4ce-fe47-50091e986350', 'a02d76bf-3a37-6e4a-9ac5-da4ecece6884', NOW()),
  ('a21e7b47-3bff-aaea-2e23-e52ef68cb62e', 'a02d76bf-3a37-6e4a-9ac5-da4ecece6884', NOW()),
  ('f62b26c3-17c3-c10e-6d33-d8d942b89ab7', 'a02d76bf-3a37-6e4a-9ac5-da4ecece6884', NOW()),
  ('8f014fd0-fa75-9266-5be1-3ddb48dd446a', 'a02d76bf-3a37-6e4a-9ac5-da4ecece6884', NOW()),
  ('44af6cc9-20c2-14ae-4501-8f7eb9c6372d', 'a02d76bf-3a37-6e4a-9ac5-da4ecece6884', NOW()),
  ('fe1a060c-10b6-c72b-23ff-eb82ab5ce168', 'a02d76bf-3a37-6e4a-9ac5-da4ecece6884', NOW()),
  ('f6aeb220-250e-113c-180d-99dbbfe7fd76', 'a02d76bf-3a37-6e4a-9ac5-da4ecece6884', NOW()),
  ('5893070e-624e-d9f0-9d7f-437dbc3d4a75', 'a02d76bf-3a37-6e4a-9ac5-da4ecece6884', NOW()),
  ('460065e4-e5f7-af27-0c98-5208d947158e', 'a02d76bf-3a37-6e4a-9ac5-da4ecece6884', NOW()),
  ('38ddbe53-8157-0475-8c23-cda3bb668f6c', 'a02d76bf-3a37-6e4a-9ac5-da4ecece6884', NOW()),
  ('4b434d18-840a-0ee6-87bd-b158ef8acc41', 'a02d76bf-3a37-6e4a-9ac5-da4ecece6884', NOW()),
  ('a6042136-246e-d3d0-0a43-d793f902b9ad', 'a02d76bf-3a37-6e4a-9ac5-da4ecece6884', NOW()),
  ('e29af70e-22d5-c9f8-8858-ef8377082a81', 'a02d76bf-3a37-6e4a-9ac5-da4ecece6884', NOW()),
  ('87653fda-58f5-f213-9098-10cea307af64', '4ebe917f-d4d6-1baf-4d0f-3ee0538fa9c1', NOW()),
  ('a0123e5a-6d8a-d3c4-2a7e-0db2a9e13b9d', '4ebe917f-d4d6-1baf-4d0f-3ee0538fa9c1', NOW()),
  ('928dee91-b6b7-3bad-8b1d-5fb9b9f93ad0', '4ebe917f-d4d6-1baf-4d0f-3ee0538fa9c1', NOW()),
  ('54c41bb3-5e55-9362-aff4-5a27e6a6f9f8', '4ebe917f-d4d6-1baf-4d0f-3ee0538fa9c1', NOW()),
  ('a3ae8a13-ee32-704c-c1c8-f9458c93fa73', '4ebe917f-d4d6-1baf-4d0f-3ee0538fa9c1', NOW()),
  ('45b07b62-e898-ba79-6723-b1c412f525a3', '4ebe917f-d4d6-1baf-4d0f-3ee0538fa9c1', NOW()),
  ('99b73c75-b4c5-6b42-8b8c-76b00c847463', '4ebe917f-d4d6-1baf-4d0f-3ee0538fa9c1', NOW()),
  ('70be5ef2-2700-2706-3fbc-2974848db7db', '4ebe917f-d4d6-1baf-4d0f-3ee0538fa9c1', NOW()),
  ('1d27f169-a0a5-131a-d95f-7e34702f4b64', '4ebe917f-d4d6-1baf-4d0f-3ee0538fa9c1', NOW()),
  ('88734904-d11d-918c-eb76-d289c2ebf3b7', '4ebe917f-d4d6-1baf-4d0f-3ee0538fa9c1', NOW()),
  ('9e062cba-0f85-ea75-2e9d-61e00bd0a2aa', '4ebe917f-d4d6-1baf-4d0f-3ee0538fa9c1', NOW()),
  ('c7bc3cab-5f95-2caf-dc03-b578794e66b6', '4ebe917f-d4d6-1baf-4d0f-3ee0538fa9c1', NOW()),
  ('28320611-a792-1425-707e-526c9680e0d4', '4ebe917f-d4d6-1baf-4d0f-3ee0538fa9c1', NOW()),
  ('84491954-fe76-326d-2479-a9b025f40d3a', '4ebe917f-d4d6-1baf-4d0f-3ee0538fa9c1', NOW()),
  ('000c11eb-8f99-fc10-cd8a-bc5b7740f2a7', '4ebe917f-d4d6-1baf-4d0f-3ee0538fa9c1', NOW()),
  ('98810972-59e4-5a18-205d-c50dbf680342', 'c2724213-8cb1-5a55-077f-be0fd1d1b529', NOW()),
  ('fdaf18d9-901b-9de5-df05-25395b44d72b', 'c2724213-8cb1-5a55-077f-be0fd1d1b529', NOW()),
  ('7a6c4cb9-37d9-33d4-ae8d-874ddc7387c7', 'c2724213-8cb1-5a55-077f-be0fd1d1b529', NOW()),
  ('c5e494ea-9120-c0c7-49dd-516b5e8c201d', 'c2724213-8cb1-5a55-077f-be0fd1d1b529', NOW()),
  ('928d9703-6d58-aca8-cf95-504756df21f2', 'c2724213-8cb1-5a55-077f-be0fd1d1b529', NOW()),
  ('92f04007-e59a-2a6a-d25a-933a4c6dfea5', 'c2724213-8cb1-5a55-077f-be0fd1d1b529', NOW()),
  ('f18361c4-0f8b-0f72-a4dd-d99e10c940ca', 'c2724213-8cb1-5a55-077f-be0fd1d1b529', NOW()),
  ('a4f6f17e-ade5-2d9a-a1c3-9ce1ed545040', 'c2724213-8cb1-5a55-077f-be0fd1d1b529', NOW()),
  ('a6d7e799-d5d3-6e7f-b811-e851adcc70d0', 'c2724213-8cb1-5a55-077f-be0fd1d1b529', NOW()),
  ('f91374e0-94d0-5d07-6333-115a34137190', 'c2724213-8cb1-5a55-077f-be0fd1d1b529', NOW()),
  ('f033a173-a76d-1e30-af92-137df65499a5', 'c2724213-8cb1-5a55-077f-be0fd1d1b529', NOW()),
  ('6cd91c74-7f7a-8732-12f3-1ea98896b9a9', 'c2724213-8cb1-5a55-077f-be0fd1d1b529', NOW()),
  ('8c13437b-6537-8e53-b2b0-4fc56869ab0a', 'c2724213-8cb1-5a55-077f-be0fd1d1b529', NOW()),
  ('f19bb2f0-f911-9c57-f9e9-c6c9b049455a', 'c2724213-8cb1-5a55-077f-be0fd1d1b529', NOW()),
  ('790a0b02-5cb0-c374-104a-899602f130c4', 'c2724213-8cb1-5a55-077f-be0fd1d1b529', NOW()),
  ('a58f857b-10b8-f8c1-2ede-6906f315fa14', '6a23c136-a7d5-3fa8-c1bc-e57b6e8186f1', NOW()),
  ('20113148-573d-e962-988b-a929d9fc3930', '6a23c136-a7d5-3fa8-c1bc-e57b6e8186f1', NOW()),
  ('f38fcb5a-2934-4f7c-571d-d0e5ae5a2f38', '6a23c136-a7d5-3fa8-c1bc-e57b6e8186f1', NOW()),
  ('2a34b5f3-016f-4d1b-b59a-a15e601a047d', '6a23c136-a7d5-3fa8-c1bc-e57b6e8186f1', NOW()),
  ('c6fe8288-76b6-ccc3-e4f5-37b4042f6f49', '6a23c136-a7d5-3fa8-c1bc-e57b6e8186f1', NOW()),
  ('3c520bf3-d9db-ac90-13c6-2c1563ca18a0', '6a23c136-a7d5-3fa8-c1bc-e57b6e8186f1', NOW()),
  ('17c086f0-90d0-dc45-a883-e2e953980ddc', '6a23c136-a7d5-3fa8-c1bc-e57b6e8186f1', NOW()),
  ('ae0f5349-ab1c-e171-0dea-4b156547d231', '6a23c136-a7d5-3fa8-c1bc-e57b6e8186f1', NOW()),
  ('aff8a96a-2b49-36c7-fbf5-077f867d89dc', '6a23c136-a7d5-3fa8-c1bc-e57b6e8186f1', NOW()),
  ('c041e934-0cb5-b141-cf87-a6a8076a91c2', '6a23c136-a7d5-3fa8-c1bc-e57b6e8186f1', NOW()),
  ('97e6f0ff-1829-9a97-0240-417f5466d2fc', '6a23c136-a7d5-3fa8-c1bc-e57b6e8186f1', NOW()),
  ('23e374a3-6321-e7fe-0884-7e6bfa3094ca', '6a23c136-a7d5-3fa8-c1bc-e57b6e8186f1', NOW()),
  ('17fb2ebb-27b1-1c70-1beb-496fa625408f', '6a23c136-a7d5-3fa8-c1bc-e57b6e8186f1', NOW()),
  ('b34c23b7-6a6a-391c-2c6a-6b660ce92c18', '6a23c136-a7d5-3fa8-c1bc-e57b6e8186f1', NOW()),
  ('471fafbe-7590-48be-26c0-671618f3b232', '6a23c136-a7d5-3fa8-c1bc-e57b6e8186f1', NOW()),
  ('1699369a-82af-d884-3dd7-978fcfde2e29', 'c701306d-001a-ae58-e952-91eb53c1126c', NOW()),
  ('3b74b007-201d-24a2-c5e1-8f6e2945a068', 'c701306d-001a-ae58-e952-91eb53c1126c', NOW()),
  ('712407bf-b321-68d4-9ef2-493f07d63a42', 'c701306d-001a-ae58-e952-91eb53c1126c', NOW()),
  ('f3171d73-b70c-7606-b816-af7702dec876', 'c701306d-001a-ae58-e952-91eb53c1126c', NOW()),
  ('287bf4db-d26e-1b2c-78e1-39afceaa71af', 'c701306d-001a-ae58-e952-91eb53c1126c', NOW()),
  ('8aee3930-ad2d-2bca-a91a-20e0c25348fd', 'c701306d-001a-ae58-e952-91eb53c1126c', NOW()),
  ('8d132976-e19d-9430-397d-6e4b874a05f4', 'c701306d-001a-ae58-e952-91eb53c1126c', NOW()),
  ('fe568c31-792d-2354-d54e-89adccf97609', 'c701306d-001a-ae58-e952-91eb53c1126c', NOW()),
  ('9231fdcd-77cb-7a0d-d802-926e1207adb8', 'c701306d-001a-ae58-e952-91eb53c1126c', NOW()),
  ('80f9492a-d7e4-7ce0-170d-0f0be9795530', 'c701306d-001a-ae58-e952-91eb53c1126c', NOW()),
  ('b6d4a840-69a8-a70a-86d1-3f37600ef9fc', 'c701306d-001a-ae58-e952-91eb53c1126c', NOW()),
  ('ed97f5e1-4e2c-03fb-52d3-eb814c9b99b6', 'c701306d-001a-ae58-e952-91eb53c1126c', NOW()),
  ('4821f396-d75d-3bfb-94e8-9ad7855826e4', 'c701306d-001a-ae58-e952-91eb53c1126c', NOW()),
  ('b56339a1-d8d2-4305-599a-7d52fc95e822', 'c701306d-001a-ae58-e952-91eb53c1126c', NOW()),
  ('30ef9c9b-ce3a-1c98-e8f0-76781a6335ee', 'c701306d-001a-ae58-e952-91eb53c1126c', NOW()),
  ('26c3afea-0aad-ac02-184b-48e5b90e0a3c', 'e22d8446-2fa8-2353-3ef9-5d9246ded151', NOW()),
  ('08024501-545d-fa67-c452-ef676599b099', 'e22d8446-2fa8-2353-3ef9-5d9246ded151', NOW()),
  ('bb7b7840-d241-0560-ca39-814af13294c6', 'e22d8446-2fa8-2353-3ef9-5d9246ded151', NOW()),
  ('6f5eef49-883f-c46b-b5b0-7ee1b3b3d8b0', 'e22d8446-2fa8-2353-3ef9-5d9246ded151', NOW()),
  ('b6e22393-4ca5-b9d9-8000-1626e857aec4', 'e22d8446-2fa8-2353-3ef9-5d9246ded151', NOW()),
  ('1156d209-d3f8-3fb8-8d5a-04bd295d189a', 'e22d8446-2fa8-2353-3ef9-5d9246ded151', NOW()),
  ('d46576be-117e-c3e5-8942-39ad1f4fd07e', 'e22d8446-2fa8-2353-3ef9-5d9246ded151', NOW()),
  ('a28c81a8-f18d-2ee0-bed1-c917b035b550', 'e22d8446-2fa8-2353-3ef9-5d9246ded151', NOW()),
  ('3dae79af-1b4f-2de0-ab5f-f8920e3a2879', 'e22d8446-2fa8-2353-3ef9-5d9246ded151', NOW()),
  ('0c5993f0-def8-b902-0d7c-8648bb946239', 'e22d8446-2fa8-2353-3ef9-5d9246ded151', NOW()),
  ('d65906e8-58a8-9e43-b62e-dd2a374cbcdb', 'e22d8446-2fa8-2353-3ef9-5d9246ded151', NOW()),
  ('c287df46-5a99-f6c5-c590-e8ee903fc99e', 'e22d8446-2fa8-2353-3ef9-5d9246ded151', NOW()),
  ('76d1b87f-7b8a-b686-ec52-837d5329b206', 'e22d8446-2fa8-2353-3ef9-5d9246ded151', NOW()),
  ('b43ff13b-06f9-adbb-16a9-14475b6d7914', 'e22d8446-2fa8-2353-3ef9-5d9246ded151', NOW()),
  ('56f77d84-3d0f-d9dc-64cb-673d3b19280c', 'e22d8446-2fa8-2353-3ef9-5d9246ded151', NOW()),
  ('eb297c2f-9044-4e88-ab43-c090b3976fe8', '89b8dc84-6a24-0852-9025-aa3a589da37a', NOW()),
  ('bf0d8cd6-92ea-b740-2ec0-5b3b2ac2dc0c', '89b8dc84-6a24-0852-9025-aa3a589da37a', NOW()),
  ('245da740-de6a-ea56-bae0-36e088db8979', '89b8dc84-6a24-0852-9025-aa3a589da37a', NOW()),
  ('0754bcd7-c23e-f56b-672f-2fb391527cfd', '89b8dc84-6a24-0852-9025-aa3a589da37a', NOW()),
  ('adca5c57-41fc-90f6-4a3b-4281744debd5', '89b8dc84-6a24-0852-9025-aa3a589da37a', NOW()),
  ('8436f812-bb80-7551-88d0-9f5af7d6e9fc', '89b8dc84-6a24-0852-9025-aa3a589da37a', NOW()),
  ('19fe41d5-9d81-c9fc-e798-6e3d0b18f090', '89b8dc84-6a24-0852-9025-aa3a589da37a', NOW()),
  ('f295db1d-8225-525f-cc61-11b4c8e7fd49', '89b8dc84-6a24-0852-9025-aa3a589da37a', NOW()),
  ('5bce9ed8-a09f-9c7e-e560-bdf02ffba928', '89b8dc84-6a24-0852-9025-aa3a589da37a', NOW()),
  ('b4b61815-cf36-a5af-4a6d-49b64b056eaf', '89b8dc84-6a24-0852-9025-aa3a589da37a', NOW()),
  ('ba609849-ec6c-7e53-d0e3-ca18eb4e29f3', '89b8dc84-6a24-0852-9025-aa3a589da37a', NOW()),
  ('58ca15f7-cdb5-abd1-428c-3c9d21997962', '89b8dc84-6a24-0852-9025-aa3a589da37a', NOW()),
  ('fb501a3f-d9b7-4f36-9177-aea172834722', '89b8dc84-6a24-0852-9025-aa3a589da37a', NOW()),
  ('ef74a13b-21f3-815e-a2b0-d8523136d22b', '89b8dc84-6a24-0852-9025-aa3a589da37a', NOW()),
  ('59117181-d139-bfed-f532-d61d6d6fc902', '89b8dc84-6a24-0852-9025-aa3a589da37a', NOW()),
  ('f0a7f7f4-55a1-091a-6e71-373bc45b0dfc', '82a62ce8-2df2-1f2c-897a-c279f37308a3', NOW()),
  ('96d5ef82-9ba9-81fa-a8bf-fd850bb42e69', '82a62ce8-2df2-1f2c-897a-c279f37308a3', NOW()),
  ('687f6fc9-df5c-270c-24f5-a272ca896bbd', '82a62ce8-2df2-1f2c-897a-c279f37308a3', NOW()),
  ('0abb0e95-dfd8-ba4e-9e96-79e70c2c6146', '82a62ce8-2df2-1f2c-897a-c279f37308a3', NOW()),
  ('2e6e980d-f01e-775b-08b0-3d8d360f81cc', '82a62ce8-2df2-1f2c-897a-c279f37308a3', NOW()),
  ('fc0a9614-6e77-d8cc-7d6f-d695c891c1ab', '82a62ce8-2df2-1f2c-897a-c279f37308a3', NOW()),
  ('b3624e7e-bcc4-fc9c-e753-182c89a1a3b2', '82a62ce8-2df2-1f2c-897a-c279f37308a3', NOW()),
  ('86bda334-582a-323b-4af9-539ffb7aad07', '82a62ce8-2df2-1f2c-897a-c279f37308a3', NOW()),
  ('8285c586-36df-8c5e-5e74-814cde09a624', '82a62ce8-2df2-1f2c-897a-c279f37308a3', NOW()),
  ('6644d476-5265-0a2f-7346-a772d4592832', '82a62ce8-2df2-1f2c-897a-c279f37308a3', NOW()),
  ('3cbde6ac-a89f-c681-55b5-228a5b93f392', '82a62ce8-2df2-1f2c-897a-c279f37308a3', NOW()),
  ('77487877-1a11-fd38-b357-43d2fd4966af', '82a62ce8-2df2-1f2c-897a-c279f37308a3', NOW()),
  ('c69b8437-aaa4-9d3f-4e6b-062c5f48a9ff', '82a62ce8-2df2-1f2c-897a-c279f37308a3', NOW()),
  ('f77adec8-c113-1ccd-1664-d4e28c91b132', '82a62ce8-2df2-1f2c-897a-c279f37308a3', NOW()),
  ('7c107fba-f1a7-3106-9b71-666a488005b1', '82a62ce8-2df2-1f2c-897a-c279f37308a3', NOW()),
  ('9c49113b-e960-923e-8eba-be4e6319260d', '90bb8c90-d3f9-cf2f-c541-975ed6b6cb3f', NOW()),
  ('b0a043ec-3264-16f0-83cb-b1c080f368fc', '90bb8c90-d3f9-cf2f-c541-975ed6b6cb3f', NOW()),
  ('5b6a8768-0a0b-f246-cf88-f8b1b33203bc', '90bb8c90-d3f9-cf2f-c541-975ed6b6cb3f', NOW()),
  ('f1c28fe2-fc1c-dcbd-3b43-c6e7105b5c56', '90bb8c90-d3f9-cf2f-c541-975ed6b6cb3f', NOW()),
  ('082804d0-812b-0cb4-39b1-bd30c2f927d2', '90bb8c90-d3f9-cf2f-c541-975ed6b6cb3f', NOW()),
  ('ddc0e851-f104-d12e-fa9a-0cc894ad480f', '90bb8c90-d3f9-cf2f-c541-975ed6b6cb3f', NOW()),
  ('e9586a2c-243d-4bd7-a79c-3d0c3313976e', '90bb8c90-d3f9-cf2f-c541-975ed6b6cb3f', NOW()),
  ('7daad13e-cc25-421b-67dd-cb1ed96a1bcb', '90bb8c90-d3f9-cf2f-c541-975ed6b6cb3f', NOW()),
  ('4be8a482-6ffb-62e9-3600-845126bc9c76', '90bb8c90-d3f9-cf2f-c541-975ed6b6cb3f', NOW()),
  ('8b780c15-75da-9319-9483-e0f589bfebfd', '90bb8c90-d3f9-cf2f-c541-975ed6b6cb3f', NOW()),
  ('365aeecb-ae35-39f9-e497-070f3aed108a', '90bb8c90-d3f9-cf2f-c541-975ed6b6cb3f', NOW()),
  ('64faf995-c62f-daa2-ee52-53814db26500', '90bb8c90-d3f9-cf2f-c541-975ed6b6cb3f', NOW()),
  ('d10949ef-bcf3-52fc-6585-1ac2c27fcd6e', '90bb8c90-d3f9-cf2f-c541-975ed6b6cb3f', NOW()),
  ('2e0ed4d7-203e-e8a8-a21f-cd6a4c3d0663', '90bb8c90-d3f9-cf2f-c541-975ed6b6cb3f', NOW()),
  ('ae479036-863f-bb37-5167-1fee67c8021f', '90bb8c90-d3f9-cf2f-c541-975ed6b6cb3f', NOW()),
  ('555513a7-e05d-43be-b87a-94bcd05f9593', '7cafa32f-6635-d3d7-c3e7-3a5f5804b8e9', NOW()),
  ('ea542a22-7850-0713-5ece-4c54ae793b84', '7cafa32f-6635-d3d7-c3e7-3a5f5804b8e9', NOW()),
  ('cdf6f79b-c9cc-0633-35cb-a35f8de2a5b0', '7cafa32f-6635-d3d7-c3e7-3a5f5804b8e9', NOW()),
  ('37074466-c4b3-7e3a-bfc3-18f3e0c5a4e3', '7cafa32f-6635-d3d7-c3e7-3a5f5804b8e9', NOW()),
  ('eae43b6f-64e2-c587-b240-719b1767cefd', '7cafa32f-6635-d3d7-c3e7-3a5f5804b8e9', NOW()),
  ('e9a62b11-d5a6-1da8-2908-d35348eb8914', '7cafa32f-6635-d3d7-c3e7-3a5f5804b8e9', NOW()),
  ('51886ada-33ce-1d7f-8e02-5b0d88b3e930', '7cafa32f-6635-d3d7-c3e7-3a5f5804b8e9', NOW()),
  ('a4b664ac-c85d-e4d4-15a6-0c7f8440af79', '7cafa32f-6635-d3d7-c3e7-3a5f5804b8e9', NOW()),
  ('2836bab8-b471-c8b7-27dd-aeea77a6b174', '7cafa32f-6635-d3d7-c3e7-3a5f5804b8e9', NOW()),
  ('4b58aebc-7b6b-f310-b11a-bbc88b5d853e', '7cafa32f-6635-d3d7-c3e7-3a5f5804b8e9', NOW()),
  ('86d40fbb-63e2-7851-332b-8d36826c6e93', '7cafa32f-6635-d3d7-c3e7-3a5f5804b8e9', NOW()),
  ('f0d32730-8a98-4788-d803-ed614014fbe5', '7cafa32f-6635-d3d7-c3e7-3a5f5804b8e9', NOW()),
  ('aeffa28f-d4c8-2201-a6bd-5d0ed5535c34', '7cafa32f-6635-d3d7-c3e7-3a5f5804b8e9', NOW()),
  ('0a56ef62-22b1-e9fe-c43c-c9a5512fdad3', '7cafa32f-6635-d3d7-c3e7-3a5f5804b8e9', NOW()),
  ('8a8489fb-8680-036e-a8be-3efe589ea839', '7cafa32f-6635-d3d7-c3e7-3a5f5804b8e9', NOW())
ON CONFLICT ("bookmark_id", "tag_id") DO NOTHING;

WITH recount AS (
  SELECT
    t."id" AS "tag_id",
    COUNT(bt."bookmark_id")::int AS "cnt"
  FROM "tags" t
  LEFT JOIN "bookmark_tags" bt ON bt."tag_id" = t."id"
  WHERE t."scope" = 'APP'
  GROUP BY t."id"
)
UPDATE "tags" t
SET "bookmark_count" = recount."cnt", "updated_at" = NOW()
FROM recount
WHERE t."id" = recount."tag_id";

COMMIT;
